 121 
Melbourne Cricket Ground,Melbourne,1
Old Trafford,Manchester,2
Lord's,London,2
Edgbaston,Birmingham,2
Lancaster Park,Christchurch,4
St Helen's,Swansea,0
Headingley,Leeds,2
Kennington Oval,London,2
Carisbrook,Dunedin,4
Trent Bridge,Nottingham,2
Basin Reserve,Wellington,4
Adelaide Oval,Adelaide,1
Eden Park,Auckland,4
North Marine Road,Scarborough,2
Jinnah Stadium (Park),Sialkot,5
Albion Sports Complex,Berbice,7
Zafar Ali (Sahiwal) Stadium,Sahiwal,5
Gadaffi (Lahore) Stadium,Lahore,5
Recreation Ground,St John's,7
Mindoo Phillip Park,Castries,7
Ayub National Stadium,Quetta,5
Sydney Cricket Ground,Sydney,1
Woolloongabba,Brisbane,1
National Stadium,Karachi,5
W.A.C.A. Ground,Perth,1
Arnos Vale Ground,Kingstown,7
Trust Bank (Seddon) Park,Hamilton,4
Sardar Patel Stadium,Ahmedabad,3
Burlton Park,Jullundur,3
Barabati Stadium,Cuttack,3
Sinhalese Sports Club Ground,Colombo,6
Gandhi Ground,Amritsar,3
Feroz Shah Kotla,Delhi,3
Niaz Stadium,Hyderabad,5
Karnataka State C.A. Ground,Bangalore,3
Municipal Stadium,Gujranwala,3
Ibn-e-Qasim Bagh Stadium,Multan,5
Queen's Park Oval,Port-of-Spain,7
McLean Park,Napier,4
Queen's Park,St George's,7
P.Saravanamuttu Stadium,Colombo,6
County Ground,Taunton,2
Grace Road,Leicester,2
Phoenix County Ground,Bristol,2
New Road,Worcester,2
County Ground,Southampton,2
Racecourse/County Ground,Derby,2
Nevill Ground,Tunbridge Wells,2
County Ground,Chelmsford,2
Lal Bahadur Stadium (F.M.),Hyderabad,3
Sawai Mansingh Stadium,Jaipur,3
Sher-I-Kashmir Stadium,Srinagar,3
Moti Bagh Stadium,Baroda,3
Nehru Stadium,Indore,3
Keenan Stadium,Jamshedpur,3
Nehru Stadium,Gauhati,3
Tyronne Fernando Stadium,Moratuwa,6
Sharjah C.A. Stadium,Sharjah,0
Sabina Park,Kingston,7
Jawaharlal Nehru Stadium,Kochi,3
University Stadium,Trivandrum,3
Arbab Niaz (Shahi Bagh) Stad.,Peshawar,5
Iqbal Stadium,Faisalabad,5
Nehru Stadium,Pune,3
Tasmania C.A. Ground,Hobart,1
Willowmoore Park,Benoni,11
Vidarbha C.A. Ground,Nagpur,3
Sector 16 Stadium,Chandigar,3
Kensington Oval,Bridgetown,7
Pindi Club Ground,Rawalpindi,5
North Tasmania C.A. Ground,Launceston,1
Asgiriya Stadium,Kandy,6
R. Premadasa Stadium,Colombo,6
Gujarat Stadium,Ahmedabad,3
Municipal Ground (Racecourse),Rajkot,3
Green Park (Modi Stadium),Kanpur,3
Wankhede Stadium,Bombay,3
Devonport Oval,Devonport,1
Eden Gardens,Calcutta,3
Vidarbha C.A. Ground,Nagpur,3
Chidambaram Stadium,Chepauk,3
Boland Bank Park,Paarl,11
Sector 16 Stadium,Chandigarh,3
Bellerive Oval,Hobart,1
Mayur (Nahar Singh) Stadium,Faridabad,3
Roop Singh Stadium,Gwalior,3
Bourda,Georgetown,7
National Stadium,Dhaka,14
Chittagong Stadium,Chittagong,14
Indira Priya. Stadium,Visakhapatnam,3
Brabourne Stadium,Bombay,3
Fatorda Stadium,Margao,3
Babu Stadium,Lucknow,3
Centurion Park,Verwoerdburg,11
New Wanderers Stadium,Johannesburg,11
St George's Park,Port Elizabeth,11
Kingsmead,Durban,11
Buffalo Park,East London,11
Newlands,Cape Town,11
Springbok Park,Bloemfontein,11
Punjab C.A. Stadium,Mohali,3
Harrup Park,Mackay,1
Harare Sports Club,Harare,8
Bulawayo Athletic Club,Bulawayo,8
Eastern Oval,Ballarat,1
Sargodha Stadium,Sargodha,5
Rawalpindi Cricket Stadium,Rawalpindi,5
Moin-ul-Haq Stadium,Patna,3
Berri Oval,Berri,1
Lavington Sports Club,Albury,1
Manuka Oval,Canberra,1
Pukekura Park,New Plymouth,4
I.P.C.L. Sports Complex Ground,Baroda,3
The Padang,Singapore,0
Toronto CSC Club,Toronto,15
Bughti Stadium,Quetta,5
Queen's Sports Club,Bulawayo,8
Nairobi Gymkhana Club Ground,Nairobi,10
Aga Khan Sports Club Ground,Nairobi,10
Nehru Stadium,Guwahati,3
Jawaharlal Nehru Stadium,Margao,3
